<?xml version="1.0" encoding="UTF-8"?>
<ti:app xmlns:ti="http://ti.appcelerator.org">
    <property name="acs-oauth-secret-production" type="string">PAUMia8rqWtrPwNTjzuqQw3pOOAzisHI</property>
    <property name="acs-oauth-key-production" type="string">s0lB1Qm1GAinnL8jaqysug6MyCSxb648</property>
    <property name="acs-api-key-production" type="string">ZyO0rDzSLuCBgkI4LYvMDoLMbAiCIhUD</property>
    <property name="acs-oauth-secret-development" type="string">A8B2ZZeV6ahzKphRMqTPBlEs2UOQbT4j</property>
    <property name="acs-oauth-key-development" type="string">vLVSpcB3cZQcqbDugzK3cahIz1fBqyhc</property>
    <property name="acs-api-key-development" type="string">OCUWlPTriwTBMob1tMONFvrLDg9UqCE4</property>
    <deployment-targets>
        <target device="mobileweb">true</target>
        <target device="iphone">true</target>
        <target device="ipad">true</target>
        <target device="android">true</target>
        <target device="blackberry">false</target>
    </deployment-targets>
    <sdk-version>3.1.0.GA</sdk-version>
    <id>com.appc.test</id>
    <name>AlloyImage</name>
    <version>1.0</version>
    <publisher>egomez</publisher>
    <url>http://</url>
    <description>not specified</description>
    <copyright>2013 by egomez</copyright>
    <icon>appicon.png</icon>
    <persistent-wifi>false</persistent-wifi>
    <prerendered-icon>false</prerendered-icon>
    <statusbar-style>default</statusbar-style>
    <statusbar-hidden>false</statusbar-hidden>
    <fullscreen>false</fullscreen>
    <navbar-hidden>false</navbar-hidden>
    <analytics>true</analytics>
    <guid>0b3588b1-f217-49c2-b370-1f038aec21c5</guid>
    <property name="ti.ui.defaultunit">system</property>
    <iphone>
        <orientations device="iphone">
            <orientation>Ti.UI.PORTRAIT</orientation>
        </orientations>
        <orientations device="ipad">
            <orientation>Ti.UI.PORTRAIT</orientation>
            <orientation>Ti.UI.UPSIDE_PORTRAIT</orientation>
            <orientation>Ti.UI.LANDSCAPE_LEFT</orientation>
            <orientation>Ti.UI.LANDSCAPE_RIGHT</orientation>
        </orientations>
    </iphone>
    <android xmlns:android="http://schemas.android.com/apk/res/android"/>
    <mobileweb>
        <precache/>
        <splash>
            <enabled>true</enabled>
            <inline-css-images>true</inline-css-images>
        </splash>
        <theme>default</theme>
    </mobileweb>
    <modules>
        <module platform="commonjs">ti.cloud</module>
    </modules>
    <plugins>
        <plugin version="1.0">ti.alloy</plugin>
    </plugins>
</ti:app>
